timestamp,suhu,kelembaban,kecepatan_angin,arah_angin,tekanan_udara,intensitas_hujan,intensitas_cahaya
2025-09-29 15:30:00,26.0,69,0.8,164,1015.0,0.0,16411.5
2025-09-29 15:35:00,25.9,71,1.0,239,1013.6,0.0,16543.2
2025-09-29 15:50:00,25.8,71,0.5,253,1012.3,0.0,14262.6
2025-09-29 15:55:00,25.8,71,0.5,229,1012.4,0.0,12664.9
2025-09-29 16:00:00,25.6,72,0.8,234,1012.4,0.0,11299.1
2025-09-29 16:05:00,25.5,73,0.4,206,1012.8,0.0,10646.6
2025-09-29 16:10:00,25.4,73,0.8,243,1012.9,0.0,9920.6
2025-09-29 16:15:00,25.4,73,0.7,260,1012.9,0.0,10488.2
2025-09-29 16:20:00,25.5,73,0.5,253,1012.9,0.0,10362.8
2025-09-29 16:25:00,25.5,72,0.6,290,1012.8,0.0,8870.3
2025-09-29 16:30:00,25.6,71,0.4,274,1012.8,0.0,7254.8
2025-09-29 16:35:00,25.7,71,0.6,260,1012.9,0.0,7085.1
2025-09-29 16:40:00,25.6,71,0.6,229,1012.8,0.0,6224.8
2025-09-29 16:45:00,25.4,72,0.5,210,1012.8,0.0,6317.3
2025-09-29 16:50:00,25.3,72,1.1,200,1013.0,0.0,6300.8
2025-09-29 16:55:00,25.3,72,0.8,211,1013.1,0.0,5351.8
2025-09-29 17:00:00,25.3,72,0.4,219,1013.2,0.0,4482.6
2025-09-29 17:05:00,25.5,71,0.4,276,1013.1,0.0,4239.4
2025-09-29 17:10:00,25.5,71,0.7,286,1013.1,0.0,3579.3
2025-09-29 17:15:00,25.5,72,0.9,268,1013.3,0.0,2696.2
2025-09-29 17:20:00,25.4,73,0.5,267,1013.3,0.0,2001.9
2025-09-29 17:25:00,25.3,71,0.8,280,1013.5,0.0,1549.5
2025-09-29 17:30:00,25.3,70,1.2,280,1013.6,0.0,1074.4
2025-09-29 17:35:00,25.2,70,0.6,282,1013.7,0.0,593.0
2025-09-29 17:40:00,25.1,72,1.0,283,1013.6,0.0,277.5
2025-09-29 17:45:00,24.9,73,1.1,281,1013.7,0.0,169.8
2025-09-29 17:50:00,24.6,76,0.9,272,1013.7,0.0,65.9
2025-09-29 17:55:00,24.4,77,1.6,280,1013.8,0.0,16.5
2025-09-29 18:00:00,24.2,78,1.1,259,1013.8,0.0,3.8
2025-09-29 18:05:00,24.1,78,1.0,272,1013.9,0.0,0.0
2025-09-29 18:10:00,24.0,79,0.8,299,1014.1,0.0,0.0
2025-09-29 18:15:00,24.0,79,0.8,274,1014.3,0.0,0.0
2025-09-29 18:20:00,24.0,79,1.0,298,1014.3,0.0,0.0
2025-09-29 18:25:00,24.0,80,0.7,304,1014.5,0.0,0.0
2025-09-29 18:30:00,23.9,80,1.1,326,1014.4,0.0,0.0
2025-09-29 18:35:00,23.9,80,0.5,337,1014.6,0.0,0.0
2025-09-29 18:40:00,23.9,80,1.2,305,1014.5,0.0,0.0
2025-09-29 18:45:00,23.8,80,0.9,340,1014.6,0.0,0.0
2025-09-29 18:50:00,23.8,80,0.8,310,1014.4,0.0,0.0
2025-09-29 18:55:00,23.8,80,0.7,293,1014.4,0.0,0.0
2025-09-29 19:00:00,23.8,80,0.3,326,1014.6,0.0,0.0
2025-09-29 19:05:00,23.8,80,0.8,318,1014.6,0.0,0.0
2025-09-29 19:10:00,23.8,80,0.4,302,1014.8,0.0,0.0
2025-09-29 19:15:00,23.8,79,0.2,335,1015.0,0.0,0.0
2025-09-29 19:20:00,23.8,79,0.3,330,1015.1,0.0,0.0
2025-09-29 19:25:00,23.9,79,0.2,321,1015.0,0.0,0.0
2025-09-29 19:30:00,23.9,79,0.1,321,1015.0,0.0,0.0
2025-09-29 19:35:00,23.9,79,0.4,350,1015.2,0.0,0.0
2025-09-29 19:40:00,24.1,78,1.0,36,1015.2,0.0,0.0
2025-09-29 19:45:00,24.1,78,0.8,33,1015.3,0.0,0.0
2025-09-29 19:50:00,24.1,78,1.3,42,1015.3,0.0,0.0
2025-09-29 19:55:00,23.6,77,1.7,44,1015.5,0.0,0.0
2025-09-29 20:00:00,23.1,79,1.1,37,1015.5,0.0,0.0
2025-09-29 20:05:00,22.7,80,1.2,39,1015.7,0.0,0.0
2025-09-29 20:10:00,22.3,84,0.8,43,1015.7,1.8,0.0
2025-09-29 20:15:00,22.0,86,0.2,176,1015.8,3.0,0.0
2025-09-29 20:20:00,21.9,87,0.3,208,1015.9,3.0,0.0
2025-09-29 20:25:00,21.7,89,0.3,161,1016.0,3.0,0.0
2025-09-29 20:30:00,21.5,90,0.4,166,1016.0,4.8,0.0
2025-09-29 20:35:00,21.5,92,0.6,181,1016.1,4.8,0.0
2025-09-29 20:40:00,21.6,91,0.7,183,1016.2,4.8,0.0
2025-09-29 20:45:00,21.6,91,0.7,204,1016.2,6.0,0.0
2025-09-29 20:50:00,21.5,91,0.8,189,1016.3,4.2,0.0
2025-09-29 20:55:00,21.5,90,1.0,239,1016.3,3.0,0.0
2025-09-29 21:00:00,21.3,91,0.8,191,1016.4,3.0,0.0
2025-09-29 21:05:00,21.3,91,0.7,151,1016.3,3.0,0.0
2025-09-29 21:10:00,21.3,91,0.3,115,1016.2,3.0,0.0
2025-09-29 21:15:00,21.4,91,0.4,173,1016.1,3.6,0.0
2025-09-29 21:20:00,21.4,92,0.3,81,1016.0,3.6,0.0
2025-09-29 21:25:00,21.4,91,0.5,47,1016.1,1.8,0.0
2025-09-29 21:30:00,21.4,91,0.9,44,1016.1,1.2,0.0
2025-09-29 21:35:00,21.4,92,0.8,38,1015.9,3.0,0.0
2025-09-29 21:40:00,21.5,92,0.8,31,1016.0,3.0,0.0
2025-09-29 21:45:00,21.5,91,0.9,32,1016.0,1.8,0.0
2025-09-29 21:50:00,21.6,91,1.0,31,1015.9,0.0,0.0
2025-09-29 21:55:00,21.6,91,0.4,36,1015.9,0.0,0.0
2025-09-29 22:00:00,21.6,91,0.5,25,1015.8,0.0,0.0
2025-09-29 22:05:00,21.6,90,0.5,44,1015.8,0.0,0.0
2025-09-29 22:10:00,21.7,90,0.6,44,1015.7,0.0,0.0
2025-09-29 22:15:00,21.7,89,0.5,46,1015.6,0.0,0.0
2025-09-29 22:20:00,21.8,89,0.2,42,1015.4,0.0,0.0
2025-09-29 22:25:00,21.8,89,0.2,40,1015.4,0.0,0.0
2025-09-29 22:30:00,21.9,88,0.4,38,1015.4,0.0,0.0
2025-09-29 22:35:00,22.0,87,0.1,42,1015.4,0.0,0.0
2025-09-29 22:40:00,22.0,88,0.2,49,1015.2,0.0,0.0
2025-09-29 22:45:00,21.9,89,0.3,71,1015.3,0.0,0.0
2025-09-29 22:50:00,21.8,90,0.7,157,1015.2,0.0,0.0
2025-09-29 22:55:00,21.8,89,0.6,165,1015.2,0.0,0.0
2025-09-29 23:00:00,21.8,90,0.5,161,1015.1,0.0,0.0
2025-09-29 23:05:00,21.7,90,0.6,167,1015.0,0.0,0.0
2025-09-29 23:10:00,21.7,90,0.5,162,1014.8,0.0,0.0
2025-09-29 23:15:00,21.8,90,0.7,169,1014.9,0.0,0.0
2025-09-29 23:20:00,21.7,90,0.7,169,1014.9,0.0,0.0
2025-09-29 23:25:00,21.7,90,0.5,166,1015.0,0.0,0.0
2025-09-29 23:30:00,21.7,90,0.4,168,1014.9,0.0,0.0
2025-09-29 23:35:00,21.7,90,0.5,175,1015.0,0.0,0.0
2025-09-29 23:40:00,21.7,90,1.0,169,1014.8,0.0,0.0
2025-09-29 23:45:00,21.7,90,0.8,159,1014.7,0.0,0.0
2025-09-29 23:50:00,21.7,90,0.4,155,1014.6,0.0,0.0
2025-09-29 23:55:00,21.7,90,0.4,151,1014.5,0.0,0.0
2025-09-30 00:00:00,21.8,89,0.2,151,1014.5,0.0,0.0
2025-09-30 00:05:00,21.8,89,0.2,159,1014.3,0.0,0.0
2025-09-30 00:10:00,21.8,89,0.3,169,1014.2,0.0,0.0
2025-09-30 00:15:00,21.8,88,0.1,168,1014.1,0.0,0.0
2025-09-30 00:20:00,21.9,88,0.1,163,1014.0,0.0,0.0
2025-09-30 00:25:00,21.9,88,0.3,160,1013.9,0.0,0.0
2025-09-30 00:30:00,21.8,88,0.3,159,1013.8,0.0,0.0
2025-09-30 00:35:00,21.8,88,0.1,153,1013.9,0.0,0.0
2025-09-30 00:40:00,21.7,88,0.5,156,1013.7,0.0,0.0
2025-09-30 00:45:00,21.7,87,0.2,156,1013.5,0.0,0.0
2025-09-30 00:50:00,21.7,88,0.3,157,1013.6,0.0,0.0
2025-09-30 00:55:00,21.7,88,0.3,160,1013.5,0.0,0.0
2025-09-30 01:00:00,21.7,87,0.5,155,1013.6,0.0,0.0
2025-09-30 01:05:00,21.7,87,0.1,148,1013.4,0.0,0.0
2025-09-30 01:10:00,21.7,87,0.0,148,1013.3,0.0,0.0
2025-09-30 01:15:00,21.7,87,0.0,147,1013.3,0.0,0.0
2025-09-30 01:20:00,21.7,86,0.3,148,1013.2,0.0,0.0
2025-09-30 01:25:00,21.7,86,0.3,148,1013.1,0.0,0.0
2025-09-30 01:30:00,21.7,86,0.1,148,1013.0,0.0,0.0
2025-09-30 01:35:00,21.7,86,0.0,148,1012.8,0.0,0.0
2025-09-30 01:40:00,21.7,86,0.1,148,1012.7,0.0,0.0
2025-09-30 01:45:00,21.8,87,0.0,149,1012.7,0.0,0.0
2025-09-30 01:50:00,21.8,88,0.4,180,1012.6,0.0,0.0
2025-09-30 01:55:00,21.7,89,0.4,208,1012.6,0.0,0.0
2025-09-30 02:00:00,21.7,90,0.1,210,1012.6,0.0,0.0
2025-09-30 02:05:00,21.7,90,0.2,213,1012.6,0.0,0.0
2025-09-30 02:10:00,21.6,90,0.4,212,1012.6,0.0,0.0
2025-09-30 02:15:00,21.6,90,0.4,196,1012.5,0.0,0.0
2025-09-30 02:20:00,21.6,90,0.1,202,1012.5,0.0,0.0
2025-09-30 02:25:00,21.7,90,0.1,206,1012.4,0.0,0.0
2025-09-30 02:30:00,21.7,89,0.1,206,1012.3,0.0,0.0
2025-09-30 02:35:00,21.8,88,0.0,206,1012.3,0.0,0.0
2025-09-30 02:40:00,21.8,87,0.0,206,1012.2,0.0,0.0
2025-09-30 02:45:00,21.8,87,0.3,206,1012.1,0.0,0.0
2025-09-30 02:50:00,21.8,87,0.4,205,1012.1,0.0,0.0
2025-09-30 02:55:00,21.8,87,0.5,205,1012.1,0.0,0.0
2025-09-30 03:00:00,21.8,86,0.1,205,1012.0,0.0,0.0
2025-09-30 03:05:00,21.9,87,0.2,210,1012.0,0.0,0.0
2025-09-30 03:10:00,21.8,86,0.4,215,1012.0,0.0,0.0
2025-09-30 03:15:00,21.8,87,0.0,222,1012.0,0.0,0.0
2025-09-30 03:20:00,21.7,89,0.1,222,1012.0,0.0,0.0
2025-09-30 03:25:00,21.7,89,0.2,223,1012.0,0.0,0.0
2025-09-30 03:30:00,21.8,89,0.0,244,1012.0,0.0,0.0
2025-09-30 03:35:00,21.8,88,0.1,244,1012.0,0.0,0.0
2025-09-30 03:40:00,21.8,88,0.1,245,1012.1,0.0,0.0
2025-09-30 03:45:00,21.7,88,0.2,243,1012.1,0.0,0.0
2025-09-30 03:50:00,21.6,88,0.0,236,1012.1,0.0,0.0
2025-09-30 03:55:00,21.6,88,0.0,234,1012.2,0.0,0.0
2025-09-30 04:00:00,21.6,88,0.0,234,1012.2,0.0,0.0
2025-09-30 04:05:00,21.6,88,0.0,234,1012.3,0.0,0.0
2025-09-30 04:10:00,21.6,89,0.0,234,1012.5,0.0,0.0
2025-09-30 04:15:00,21.6,89,0.0,234,1012.5,0.0,0.0
2025-09-30 04:20:00,21.6,89,0.2,292,1012.5,0.0,0.0
2025-09-30 04:25:00,21.6,89,0.2,297,1012.6,0.0,0.0
2025-09-30 04:30:00,21.6,88,0.0,298,1012.5,0.0,0.0
2025-09-30 04:35:00,21.7,88,0.0,298,1012.6,0.0,0.0
2025-09-30 04:40:00,21.6,88,0.0,298,1012.7,0.0,0.0
2025-09-30 04:45:00,21.6,89,0.0,298,1012.7,0.0,0.0
2025-09-30 04:50:00,21.6,88,0.0,298,1012.6,0.0,0.0
2025-09-30 04:55:00,21.8,88,0.1,300,1012.7,0.0,0.0
2025-09-30 05:00:00,21.8,89,0.1,307,1012.7,0.0,0.0
2025-09-30 05:05:00,21.8,88,0.2,333,1012.7,0.0,0.0
2025-09-30 05:10:00,21.8,89,0.0,342,1012.7,0.0,0.0
2025-09-30 05:15:00,21.8,89,0.0,341,1012.8,0.0,5.1
2025-09-30 05:20:00,21.8,89,0.2,315,1012.8,0.0,21.5
2025-09-30 05:25:00,21.6,89,0.2,219,1012.9,0.0,81.1
2025-09-30 05:30:00,21.5,90,0.2,192,1013.0,0.0,191.3
2025-09-30 05:35:00,21.5,90,0.1,191,1013.1,0.0,392.8
2025-09-30 05:40:00,21.5,89,0.0,183,1013.1,0.0,742.5
2025-09-30 05:45:00,21.5,89,0.1,174,1013.1,0.0,1150.4
2025-09-30 05:50:00,21.5,88,0.4,175,1013.1,0.0,1545.7
2025-09-30 05:55:00,21.5,88,0.3,177,1013.2,0.0,2071.5
2025-09-30 06:00:00,21.5,88,0.3,176,1013.4,0.0,3023.1
2025-09-30 06:05:00,21.4,87,0.1,180,1013.3,0.0,4078.5
2025-09-30 06:10:00,21.5,87,0.1,181,1013.6,0.0,5339.1
2025-09-30 06:15:00,21.6,86,0.0,181,1013.6,0.0,6183.0
2025-09-30 06:20:00,21.7,85,0.0,182,1013.8,0.0,7073.7
2025-09-30 06:25:00,21.8,85,0.1,182,1013.8,0.0,8406.5
2025-09-30 06:30:00,21.9,84,0.1,182,1013.9,0.0,9895.3
2025-09-30 06:35:00,22.1,85,0.1,182,1013.9,0.0,10769.5
2025-09-30 06:40:00,22.2,85,0.0,184,1013.8,0.0,12486.3
2025-09-30 06:45:00,22.4,84,0.1,185,1014.0,0.0,14346.2
2025-09-30 06:50:00,22.4,85,0.0,185,1014.1,0.0,15719.7
2025-09-30 06:55:00,22.7,84,0.0,185,1014.2,0.0,15951.5
2025-09-30 07:00:00,22.9,83,0.0,233,1014.2,0.0,16112.4
2025-09-30 07:05:00,23.1,83,0.2,252,1014.3,0.0,17852.0
2025-09-30 07:10:00,23.3,81,0.2,296,1014.3,0.0,20797.8
2025-09-30 07:15:00,23.6,80,0.1,289,1014.4,0.0,22915.0
2025-09-30 07:20:00,23.7,79,0.1,277,1014.5,0.0,22476.6
2025-09-30 07:25:00,24.1,76,0.1,279,1014.5,0.0,23059.4
2025-09-30 07:30:00,24.4,75,0.0,278,1014.6,0.0,23708.1
2025-09-30 07:35:00,24.6,74,0.2,277,1014.6,0.0,22436.0
2025-09-30 07:40:00,24.7,72,0.0,278,1014.7,0.0,20590.0
2025-09-30 07:45:00,24.6,73,0.2,248,1014.8,0.0,18456.4
2025-09-30 07:50:00,24.5,73,0.1,249,1014.8,0.0,18063.6
2025-09-30 07:55:00,24.7,72,0.1,249,1014.7,0.0,18239.7
2025-09-30 08:00:00,24.9,71,0.1,251,1014.9,0.0,19500.4
2025-09-30 08:05:00,25.1,70,0.0,255,1015.0,0.0,20961.2
2025-09-30 08:10:00,25.1,70,0.2,49,1015.1,0.0,24099.6
2025-09-30 08:15:00,24.9,71,0.4,48,1015.0,0.0,22556.4
2025-09-30 08:20:00,24.6,73,0.5,36,1014.9,0.0,24763.5
2025-09-30 08:25:00,24.6,72,0.3,36,1014.9,0.0,28178.1
2025-09-30 08:30:00,24.8,73,0.7,21,1014.8,0.0,29133.4
2025-09-30 08:35:00,24.8,73,0.3,32,1014.8,0.0,30729.8
2025-09-30 08:40:00,24.8,73,0.6,149,1014.8,0.0,32754.5
2025-09-30 08:45:00,24.8,73,0.3,84,1014.8,0.0,35127.6
2025-09-30 08:50:00,25.3,73,0.1,130,1014.7,0.0,38586.5
2025-09-30 08:55:00,25.5,72,0.4,127,1014.8,0.0,39492.4
2025-09-30 09:00:00,25.5,72,0.4,340,1014.7,0.0,40712.5
2025-09-30 09:05:00,25.5,72,0.6,28,1014.8,0.0,38965.3
2025-09-30 09:10:00,25.3,73,0.5,37,1014.6,0.0,37861.8
2025-09-30 09:15:00,25.6,71,1.1,26,1014.8,0.0,39050.2
2025-09-30 09:20:00,25.6,72,0.5,92,1014.9,0.0,39716.6
2025-09-30 09:25:00,25.9,71,1.2,171,1014.7,0.0,41332.1
2025-09-30 09:30:00,26.1,70,0.6,148,1014.8,0.0,43726.7
2025-09-30 09:35:00,26.3,70,0.3,183,1014.6,0.0,43288.3
2025-09-30 09:40:00,26.5,69,0.8,154,1014.7,0.0,45411.8
2025-09-30 09:45:00,26.6,68,0.6,144,1014.7,0.0,45700.7
2025-09-30 09:50:00,27.0,66,0.6,179,1014.6,0.0,46168.2
2025-09-30 09:55:00,26.9,66,0.9,127,1014.6,0.0,46313.9
2025-09-30 10:00:00,26.8,65,1.0,29,1014.5,0.0,47052.6
2025-09-30 10:05:00,27.0,64,0.8,1,1014.4,0.0,49725.9
2025-09-30 10:10:00,27.2,65,0.1,163,1014.3,0.0,62512.5
2025-09-30 10:15:00,27.4,64,0.5,42,1014.3,0.0,125069.4
2025-09-30 10:20:00,28.3,61,1.1,229,1014.3,0.0,135527.2
2025-09-30 10:25:00,28.8,60,0.6,348,1014.1,0.0,134041.0
2025-09-30 10:30:00,28.8,61,0.9,39,1014.1,0.0,96773.5
2025-09-30 10:35:00,28.5,62,0.8,184,1014.0,0.0,39132.6
2025-09-30 10:40:00,28.2,62,0.0,164,1013.9,0.0,41016.6
2025-09-30 10:45:00,28.4,61,0.5,133,1014.0,0.0,55736.6
2025-09-30 10:50:00,28.6,59,1.1,9,1013.9,0.0,92987.7
2025-09-30 10:55:00,28.6,58,0.8,75,1013.8,0.0,128458.6
2025-09-30 11:00:00,28.9,57,1.3,107,1013.9,0.0,61161.9
2025-09-30 11:05:00,28.8,57,0.8,96,1013.8,0.0,82121.9
2025-09-30 11:10:00,29.2,57,1.2,37,1013.8,0.0,98546.0
2025-09-30 11:15:00,29.0,57,1.7,45,1013.7,0.0,88179.4
2025-09-30 11:20:00,29.3,56,0.9,140,1013.6,0.0,95683.8
2025-09-30 11:25:00,29.4,57,1.0,55,1013.5,0.0,85242.5
2025-09-30 11:30:00,29.2,57,0.9,6,1013.5,0.0,83852.6
2025-09-30 11:35:00,28.9,57,0.9,75,1013.3,0.0,90169.9
2025-09-30 11:40:00,29.2,56,1.1,26,1013.2,0.0,82313.2
2025-09-30 11:45:00,29.3,56,0.9,40,1013.2,0.0,64429.5
2025-09-30 11:50:00,29.3,55,1.3,170,1012.9,0.0,79477.6
2025-09-30 11:55:00,29.4,55,1.1,21,1013.0,0.0,108594.6
2025-09-30 12:00:00,29.4,55,0.8,36,1012.9,0.0,86430.9
2025-09-30 12:05:00,29.7,54,0.8,167,1012.7,0.0,86607.1
2025-09-30 12:10:00,30.0,54,0.8,68,1012.6,0.0,114089.5
2025-09-30 12:15:00,30.3,52,0.3,185,1012.5,0.0,125960.1
2025-09-30 12:20:00,30.5,52,0.9,168,1012.3,0.0,87150.6
2025-09-30 12:25:00,30.3,52,0.9,162,1012.2,0.0,86110.4
2025-09-30 12:30:00,30.0,53,0.9,186,1012.2,0.0,92939.5
2025-09-30 12:35:00,30.0,53,0.5,206,1012.1,0.0,91338.0
2025-09-30 12:40:00,30.2,52,0.7,236,1012.0,0.0,98681.6
2025-09-30 12:45:00,30.5,51,1.5,183,1011.8,0.0,121472.4
2025-09-30 12:50:00,30.6,51,1.3,175,1011.7,0.0,113222.9
2025-09-30 12:55:00,30.8,51,0.4,184,1011.6,0.0,110721.9
2025-09-30 13:00:00,30.9,52,1.2,177,1011.4,0.0,111048.7
2025-09-30 13:05:00,30.8,52,1.9,175,1011.3,0.0,100114.5
2025-09-30 13:10:00,30.8,52,0.6,180,1011.3,0.0,105916.1
2025-09-30 13:15:00,31.3,52,1.0,152,1011.3,0.0,105226.9
2025-09-30 13:20:00,31.1,51,1.2,19,1011.2,0.0,34855.2
2025-09-30 13:25:00,30.7,52,0.4,169,1011.2,0.0,35908.0
2025-09-30 13:30:00,30.5,55,0.5,128,1011.1,0.0,96881.2
2025-09-30 13:35:00,30.8,53,0.7,176,1011.0,0.0,90922.5
2025-09-30 13:40:00,30.7,54,0.7,145,1010.9,0.0,84830.7
2025-09-30 13:45:00,30.3,54,0.7,178,1010.8,0.0,29657.9
2025-09-30 13:50:00,30.2,55,0.8,178,1010.8,0.0,32402.3
2025-09-30 13:55:00,30.2,55,0.7,265,1010.7,0.0,59209.4
2025-09-30 14:00:00,30.4,54,0.4,269,1010.5,0.0,85498.4
2025-09-30 14:05:00,31.1,52,1.0,196,1010.6,0.0,69382.2
2025-09-30 14:20:00,30.3,57,1.9,289,1010.5,0.0,21770.9
2025-09-30 14:25:00,29.3,62,1.5,246,1010.5,0.0,8026.4
2025-09-30 14:30:00,28.5,64,1.9,319,1010.5,0.0,9657.1
2025-09-30 14:35:00,27.7,66,1.4,256,1010.4,0.0,11665.3
2025-09-30 14:40:00,27.4,67,1.5,333,1010.6,0.0,14286.7
2025-09-30 14:45:00,27.1,69,1.2,311,1010.8,0.0,17304.7
2025-09-30 14:50:00,26.9,69,2.9,273,1010.8,0.0,14156.2
2025-09-30 14:55:00,26.6,71,1.8,306,1010.5,0.0,13453.0
2025-09-30 15:00:00,26.2,72,1.9,294,1010.3,0.0,8163.3
2025-09-30 15:05:00,26.0,74,1.2,307,1010.6,0.0,5682.5
2025-09-30 15:10:00,25.8,74,0.6,82,1011.3,0.0,2032.3
2025-09-30 15:15:00,25.7,74,0.9,186,1011.5,13.8,1795.3
2025-09-30 15:20:00,24.5,77,1.5,145,1011.7,40.8,2520.1
2025-09-30 15:25:00,21.9,86,0.9,115,1011.8,54.6,3171.3
2025-09-30 15:30:00,21.1,88,1.4,38,1012.1,52.8,2517.5
2025-09-30 15:35:00,20.9,90,0.9,31,1012.0,44.4,1867.6
2025-09-30 15:40:00,21.0,90,0.2,11,1012.2,39.6,1690.2
2025-09-30 15:45:00,21.0,91,0.0,17,1012.3,30.6,1173.2
2025-09-30 15:50:00,21.1,90,0.0,18,1012.2,12.0,964.2
2025-09-30 15:55:00,21.3,89,1.0,32,1012.4,10.8,727.3
2025-09-30 16:00:00,21.5,89,0.9,47,1012.3,10.8,458.7
2025-09-30 16:05:00,21.6,88,1.6,26,1012.4,6.0,344.6
2025-09-30 16:10:00,21.7,89,1.2,47,1012.4,3.0,300.3
2025-09-30 16:15:00,21.6,89,0.6,63,1012.3,3.0,300.3
2025-09-30 16:25:00,21.6,90,0.3,140,1012.8,4.2,358.6
2025-09-30 16:30:00,21.6,90,0.1,171,1012.9,4.8,344.6
2025-09-30 16:35:00,21.6,91,0.2,193,1013.0,4.2,301.5
2025-09-30 16:40:00,21.6,90,0.0,207,1012.9,4.8,276.2
2025-09-30 16:45:00,21.6,90,0.1,210,1012.9,4.8,250.9
2025-09-30 16:50:00,21.6,91,0.0,210,1012.9,4.8,248.3
2025-09-30 16:55:00,21.6,91,0.0,210,1012.6,3.6,244.5
2025-09-30 17:00:00,21.6,91,0.0,209,1012.7,3.0,223.0
2025-09-30 17:05:00,21.7,90,0.1,240,1012.7,4.2,195.1
2025-09-30 17:10:00,21.7,90,0.1,265,1012.8,6.0,155.8
2025-09-30 17:15:00,21.7,90,0.1,283,1012.8,6.0,135.6
2025-09-30 17:20:00,21.7,91,0.5,315,1012.9,7.8,120.4
2025-09-30 17:25:00,21.7,91,0.5,347,1013.0,7.8,98.8
2025-09-30 17:30:00,21.8,91,0.4,346,1013.3,7.8,78.6
2025-09-30 17:35:00,21.8,91,0.0,343,1013.4,7.8,67.2
2025-09-30 17:40:00,21.8,92,0.1,342,1013.4,6.0,49.4
2025-09-30 17:45:00,21.7,92,0.0,341,1013.5,4.8,30.4
2025-09-30 17:50:00,21.7,91,0.0,339,1013.5,4.8,15.2
2025-09-30 17:55:00,21.7,90,0.0,328,1013.5,3.0,3.8
2025-09-30 18:05:00,21.6,92,0.0,207,1013.5,1.8,0.0
2025-09-30 18:10:00,21.6,92,0.0,207,1013.5,1.8,0.0
2025-09-30 18:15:00,21.6,92,0.0,207,1013.6,1.8,0.0
2025-09-30 18:20:00,21.7,92,0.1,208,1013.6,0.0,0.0
2025-09-30 18:25:00,21.8,91,0.0,210,1013.7,0.0,0.0
2025-09-30 18:30:00,21.8,92,0.0,213,1013.8,0.0,0.0
2025-09-30 18:35:00,21.8,92,0.0,213,1013.8,0.0,0.0
2025-09-30 18:40:00,21.7,91,0.1,213,1013.9,0.0,0.0
2025-09-30 18:45:00,21.8,90,0.0,212,1013.9,0.0,0.0
2025-09-30 18:50:00,21.8,90,0.1,213,1013.8,0.0,0.0
2025-09-30 18:55:00,21.8,90,0.3,213,1013.9,0.0,0.0
2025-09-30 19:00:00,21.6,91,0.2,216,1013.8,0.0,0.0
2025-09-30 19:05:00,21.7,91,0.1,216,1013.9,0.0,0.0
2025-09-30 19:10:00,21.7,90,0.1,215,1013.9,0.0,0.0
2025-09-30 19:15:00,21.7,90,0.0,215,1013.9,0.0,0.0
2025-09-30 19:20:00,21.7,90,0.0,260,1014.0,0.0,0.0
2025-09-30 19:25:00,21.8,90,0.1,265,1013.9,0.0,0.0
2025-09-30 19:30:00,21.8,90,0.1,263,1014.1,0.0,0.0
2025-09-30 19:35:00,21.7,90,0.0,263,1014.1,0.0,0.0
2025-09-30 19:40:00,21.7,91,0.0,251,1014.0,0.0,0.0
2025-09-30 19:45:00,21.7,91,0.0,263,1014.0,0.0,0.0
2025-09-30 19:50:00,21.7,90,0.1,270,1014.1,0.0,0.0
2025-09-30 19:55:00,21.7,90,0.1,323,1014.1,0.0,0.0
2025-09-30 20:00:00,21.6,90,0.0,323,1014.1,0.0,0.0
2025-09-30 20:05:00,21.6,91,0.0,323,1014.3,0.0,0.0
2025-09-30 20:10:00,21.6,91,0.0,323,1014.3,0.0,0.0
2025-09-30 20:15:00,21.7,90,0.0,323,1014.3,0.0,0.0
2025-09-30 20:20:00,21.7,90,0.0,323,1014.3,0.0,0.0
2025-09-30 20:25:00,21.8,90,0.1,334,1014.3,0.0,0.0
2025-09-30 20:30:00,21.9,90,0.3,17,1014.6,0.0,0.0
2025-09-30 20:35:00,21.9,90,0.3,41,1014.7,0.0,0.0
2025-09-30 20:40:00,21.9,89,0.2,40,1014.6,0.0,0.0
2025-09-30 20:45:00,21.9,90,0.1,81,1014.6,0.0,0.0
2025-09-30 20:50:00,21.8,91,0.1,120,1014.6,0.0,0.0
2025-09-30 20:55:00,21.8,90,0.6,167,1014.7,0.0,0.0
2025-09-30 21:00:00,21.8,91,0.2,184,1014.7,0.0,0.0
2025-09-30 21:05:00,21.8,91,0.3,178,1014.9,0.0,0.0
2025-09-30 21:10:00,21.8,91,0.1,170,1015.0,0.0,0.0
2025-09-30 21:15:00,21.7,91,0.1,178,1014.9,0.0,0.0
2025-09-30 21:20:00,21.7,91,0.1,182,1014.9,0.0,0.0
2025-09-30 21:25:00,21.7,91,0.4,175,1014.9,0.0,0.0
2025-09-30 21:30:00,21.7,91,0.5,164,1015.0,0.0,0.0
2025-09-30 21:35:00,21.7,91,0.0,161,1014.9,0.0,0.0
2025-09-30 21:40:00,21.7,91,0.1,161,1014.9,0.0,0.0
2025-09-30 21:45:00,21.7,91,0.0,161,1014.9,0.0,0.0
2025-09-30 21:50:00,21.7,90,0.1,161,1014.8,0.0,0.0
2025-09-30 21:55:00,21.7,91,0.0,161,1014.8,0.0,0.0
2025-09-30 22:00:00,21.7,91,0.0,161,1014.8,0.0,0.0
2025-09-30 22:05:00,21.6,91,0.0,163,1014.7,0.0,0.0
2025-09-30 22:10:00,21.5,91,0.1,177,1014.7,0.0,0.0
2025-09-30 22:15:00,21.5,91,0.1,198,1014.7,0.0,0.0
2025-09-30 22:20:00,21.5,91,0.0,198,1014.8,0.0,0.0
2025-09-30 22:25:00,21.4,90,0.0,199,1014.7,0.0,0.0
2025-09-30 22:30:00,21.4,90,0.0,199,1014.6,0.0,0.0
2025-09-30 22:35:00,21.3,91,0.0,199,1014.7,0.0,0.0
2025-09-30 22:40:00,21.3,91,0.3,200,1014.6,0.0,0.0
2025-09-30 22:45:00,21.3,90,0.0,208,1014.5,0.0,0.0
2025-09-30 22:50:00,21.2,90,0.0,208,1014.4,0.0,0.0
2025-09-30 22:55:00,21.2,91,0.0,208,1014.2,0.0,0.0
2025-09-30 23:00:00,21.1,91,0.1,208,1014.3,0.0,0.0
2025-09-30 23:05:00,21.1,91,0.2,208,1014.3,0.0,0.0
2025-09-30 23:10:00,21.1,91,0.2,209,1014.2,0.0,0.0
2025-09-30 23:15:00,21.1,91,0.1,209,1014.2,0.0,0.0
2025-09-30 23:20:00,21.0,91,0.0,209,1014.2,0.0,0.0
2025-09-30 23:25:00,21.0,91,0.0,209,1014.2,0.0,0.0
2025-09-30 23:30:00,21.0,91,0.0,209,1014.3,0.0,0.0
2025-09-30 23:35:00,21.0,92,0.0,209,1014.2,0.0,0.0
2025-09-30 23:40:00,21.0,92,0.0,209,1014.2,0.0,0.0
2025-09-30 23:45:00,21.0,92,0.0,209,1014.3,0.0,0.0
2025-09-30 23:50:00,21.0,92,0.0,209,1014.1,0.0,0.0
2025-09-30 23:55:00,21.0,91,0.0,209,1014.0,0.0,0.0
2025-10-01 00:00:00,21.0,91,0.0,209,1014.0,0.0,0.0
2025-10-01 00:05:00,21.1,92,0.0,209,1013.9,0.0,0.0
2025-10-01 00:10:00,21.1,92,0.0,210,1013.9,0.0,0.0
2025-10-01 00:15:00,21.0,92,0.0,210,1013.8,0.0,0.0
2025-10-01 00:20:00,21.0,91,0.1,216,1013.8,0.0,0.0
2025-10-01 00:25:00,21.1,90,0.0,219,1013.7,0.0,0.0
2025-10-01 00:30:00,21.0,90,0.0,219,1013.7,0.0,0.0
2025-10-01 00:35:00,21.0,91,0.0,219,1013.7,0.0,0.0
2025-10-01 00:40:00,20.9,91,0.0,218,1013.6,0.0,0.0
2025-10-01 00:45:00,20.9,91,0.0,218,1013.5,0.0,0.0
2025-10-01 00:50:00,20.8,92,0.0,219,1013.5,0.0,0.0
2025-10-01 00:55:00,20.8,91,0.0,219,1013.5,0.0,0.0
2025-10-01 01:00:00,20.8,91,0.0,219,1013.4,0.0,0.0
2025-10-01 01:05:00,20.9,91,0.1,220,1013.3,0.0,0.0
2025-10-01 01:10:00,20.9,91,0.0,220,1013.3,0.0,0.0
2025-10-01 01:15:00,20.9,91,0.0,222,1013.2,0.0,0.0
2025-10-01 01:20:00,20.9,90,0.0,223,1013.2,0.0,0.0
2025-10-01 01:25:00,20.9,90,0.0,223,1013.2,0.0,0.0
2025-10-01 01:30:00,20.8,90,0.1,225,1013.1,0.0,0.0
2025-10-01 01:35:00,20.8,90,0.1,227,1013.1,0.0,0.0
2025-10-01 01:40:00,20.8,90,0.2,253,1013.0,0.0,0.0
2025-10-01 01:45:00,20.7,89,0.0,259,1012.8,0.0,0.0
2025-10-01 01:50:00,20.7,89,0.0,258,1012.8,0.0,0.0
2025-10-01 01:55:00,20.7,89,0.1,247,1012.8,0.0,0.0
2025-10-01 02:00:00,20.7,88,0.1,223,1012.9,0.0,0.0
2025-10-01 02:05:00,20.6,88,0.0,230,1012.9,0.0,0.0
2025-10-01 02:10:00,20.6,89,0.1,238,1012.9,0.0,0.0
2025-10-01 02:15:00,20.6,89,0.0,253,1012.8,0.0,0.0
2025-10-01 02:20:00,20.6,88,0.2,267,1012.6,0.0,0.0
2025-10-01 02:25:00,20.6,88,0.2,272,1012.7,0.0,0.0
2025-10-01 02:30:00,20.6,88,0.1,285,1012.7,0.0,0.0
2025-10-01 02:35:00,20.6,88,0.1,279,1012.6,0.0,0.0
2025-10-01 02:40:00,20.6,88,0.0,277,1012.6,0.0,0.0
2025-10-01 02:45:00,20.6,88,0.1,277,1012.4,0.0,0.0
2025-10-01 02:50:00,20.5,89,0.0,279,1012.5,0.0,0.0
2025-10-01 02:55:00,20.4,89,0.3,286,1012.5,0.0,0.0
2025-10-01 03:00:00,20.3,89,0.1,302,1012.4,0.0,0.0
2025-10-01 03:05:00,20.3,90,0.0,307,1012.4,0.0,0.0
2025-10-01 03:10:00,20.2,90,0.0,307,1012.5,0.0,0.0
2025-10-01 03:15:00,20.0,90,0.1,307,1012.6,0.0,0.0
2025-10-01 03:20:00,20.0,89,0.0,307,1012.6,0.0,0.0
2025-10-01 03:25:00,20.0,89,0.0,307,1012.5,0.0,0.0
2025-10-01 03:30:00,20.0,88,0.0,307,1012.5,0.0,0.0
2025-10-01 03:35:00,20.1,88,0.0,307,1012.5,0.0,0.0
2025-10-01 03:40:00,20.1,88,0.0,307,1012.5,0.0,0.0
2025-10-01 03:45:00,20.1,87,0.0,307,1012.6,0.0,0.0
2025-10-01 03:50:00,20.1,88,0.1,306,1012.6,0.0,0.0
2025-10-01 03:55:00,20.1,89,0.3,306,1012.7,0.0,0.0
2025-10-01 04:00:00,20.1,89,0.5,289,1012.6,0.0,0.0
2025-10-01 04:05:00,20.1,89,0.3,271,1012.6,0.0,0.0
2025-10-01 04:10:00,20.0,89,0.0,271,1012.7,0.0,0.0
2025-10-01 04:15:00,19.9,90,0.0,271,1012.6,0.0,0.0
2025-10-01 04:20:00,19.9,90,0.0,271,1012.6,0.0,0.0
2025-10-01 04:25:00,20.0,91,0.0,271,1012.6,0.0,0.0
2025-10-01 04:30:00,20.0,91,0.0,248,1012.8,0.0,0.0
2025-10-01 04:35:00,20.0,91,0.0,248,1012.9,0.0,0.0
2025-10-01 04:40:00,20.1,92,0.0,256,1013.0,0.0,0.0
2025-10-01 04:45:00,20.1,91,0.0,256,1013.0,0.0,0.0
2025-10-01 04:50:00,20.1,91,0.0,251,1013.0,0.0,0.0
2025-10-01 04:55:00,20.1,91,0.0,263,1013.0,0.0,0.0
2025-10-01 05:00:00,20.1,91,0.0,263,1013.0,0.0,0.0
2025-10-01 05:05:00,20.1,91,0.1,339,1013.1,0.0,0.0
2025-10-01 05:10:00,20.2,91,0.0,310,1013.0,0.0,2.5
2025-10-01 05:15:00,20.2,91,0.0,267,1013.1,0.0,12.7
2025-10-01 05:20:00,20.2,91,0.0,266,1013.1,0.0,43.1
2025-10-01 05:25:00,20.2,91,0.0,265,1013.2,0.0,135.6
2025-10-01 05:30:00,20.2,91,0.0,264,1013.2,0.0,347.2
2025-10-01 05:35:00,20.1,92,0.0,264,1013.3,0.0,724.7
2025-10-01 05:40:00,20.0,92,0.0,264,1013.4,0.0,1008.5
2025-10-01 05:45:00,20.1,92,0.0,265,1013.4,0.0,1248.0
2025-10-01 05:50:00,20.2,91,0.0,265,1013.5,0.0,1977.8
2025-10-01 05:55:00,20.3,91,0.0,265,1013.7,0.0,2664.5
2025-10-01 06:00:00,20.4,91,0.0,266,1013.7,0.0,3190.3
2025-10-01 06:05:00,20.5,91,0.0,251,1013.6,0.0,3755.4
2025-10-01 06:10:00,20.4,91,0.0,263,1013.7,0.0,5231.4
2025-10-01 06:15:00,20.4,91,0.2,261,1013.6,0.0,5539.3
2025-10-01 06:20:00,20.4,92,0.1,236,1013.7,0.0,6052.5
2025-10-01 06:25:00,20.5,92,0.1,207,1013.8,0.0,7781.9
2025-10-01 06:30:00,20.6,91,0.0,207,1013.8,0.0,8610.5
2025-10-01 06:35:00,20.8,91,0.0,257,1013.8,0.0,8885.5
2025-10-01 06:40:00,21.0,90,0.0,263,1013.8,0.0,9436.6
2025-10-01 06:45:00,21.2,90,0.0,274,1013.9,0.0,9905.4
2025-10-01 06:50:00,21.3,89,0.1,274,1013.9,0.0,13124.9
2025-10-01 06:55:00,21.4,88,0.1,291,1014.0,0.0,12149.3
2025-10-01 07:00:00,21.6,88,0.0,279,1014.1,0.0,12779.0
2025-10-01 07:05:00,21.7,87,0.1,326,1014.2,0.0,10977.3
2025-10-01 07:10:00,21.9,86,0.3,20,1014.5,0.0,11946.5
2025-10-01 07:15:00,22.0,86,0.0,25,1014.5,0.0,12262.0
2025-10-01 07:20:00,22.4,84,0.0,25,1014.5,0.0,12795.4
2025-10-01 07:25:00,22.7,83,0.1,30,1014.4,0.0,12449.5
2025-10-01 07:30:00,22.7,83,0.0,32,1014.5,0.0,12596.5
2025-10-01 07:35:00,22.8,83,0.1,109,1014.5,0.0,14223.3
2025-10-01 07:40:00,22.9,82,0.0,110,1014.6,0.0,13972.5
2025-10-01 07:45:00,23.2,82,0.0,120,1014.6,0.0,14128.3
2025-10-01 07:50:00,23.2,80,0.0,127,1014.7,0.0,13986.4
2025-10-01 07:55:00,23.3,80,0.0,112,1014.6,0.0,13536.6
2025-10-01 08:00:00,23.6,79,0.0,117,1014.7,0.0,12913.3
2025-10-01 08:05:00,23.9,79,0.1,105,1014.7,0.0,40674.5
2025-10-01 08:10:00,24.1,78,0.2,150,1014.8,0.0,58929.4
2025-10-01 08:15:00,24.4,76,0.2,147,1014.7,0.0,59991.2
2025-10-01 08:20:00,24.6,75,0.3,136,1014.6,0.0,62422.6
2025-10-01 08:25:00,24.8,75,0.5,157,1014.6,0.0,63811.2
2025-10-01 08:30:00,24.9,75,0.3,74,1014.6,0.0,67200.4
2025-10-01 08:35:00,25.2,74,0.4,125,1014.6,0.0,59575.6
2025-10-01 08:40:00,25.7,73,0.3,38,1014.6,0.0,43838.2
2025-10-01 08:45:00,25.9,73,0.3,130,1014.6,0.0,26704.6
2025-10-01 08:50:00,26.0,72,0.5,155,1014.5,0.0,23106.3
2025-10-01 08:55:00,26.0,73,0.7,172,1014.4,0.0,43839.5
2025-10-01 09:00:00,26.3,70,0.9,66,1014.4,0.0,55158.8
2025-10-01 09:05:00,26.3,70,1.0,218,1014.5,0.0,82642.6
2025-10-01 09:10:00,26.8,67,2.1,53,1014.4,0.0,87340.6
2025-10-01 09:15:00,26.9,67,1.0,44,1014.2,0.0,89499.6
2025-10-01 09:20:00,27.1,63,2.6,34,1014.2,0.0,91344.4
2025-10-01 09:25:00,26.7,62,2.9,42,1014.1,0.0,93281.6
2025-10-01 09:30:00,26.8,62,2.1,29,1014.1,0.0,94002.5
2025-10-01 09:35:00,27.2,62,1.6,107,1014.1,0.0,95291.1
2025-10-01 09:40:00,27.5,62,1.4,78,1013.9,0.0,97989.8
2025-10-01 09:45:00,27.7,61,1.7,108,1014.0,0.0,99292.3
2025-10-01 09:50:00,27.5,62,1.9,14,1014.0,0.0,100754.4
2025-10-01 09:55:00,27.8,61,3.0,52,1013.9,0.0,102687.8
2025-10-01 10:00:00,27.4,62,1.1,137,1014.0,0.0,103370.7
2025-10-01 10:05:00,27.9,61,2.0,200,1014.0,0.0,106449.5
2025-10-01 10:10:00,28.1,59,2.4,36,1014.0,0.0,109429.5
2025-10-01 10:15:00,28.2,60,1.4,42,1013.9,0.0,113330.6
2025-10-01 10:20:00,28.6,60,1.7,124,1013.9,0.0,122550.6
2025-10-01 10:25:00,28.6,60,1.0,49,1014.0,0.0,129060.4
2025-10-01 10:30:00,28.4,58,2.2,50,1014.0,0.0,127320.8
2025-10-01 10:35:00,28.4,59,1.8,193,1013.9,0.0,79955.3
2025-10-01 10:40:00,28.4,60,1.3,216,1013.9,0.0,140068.1
2025-10-01 10:45:00,28.2,60,2.7,138,1013.8,0.0,136026.4
2025-10-01 10:50:00,28.4,60,1.9,21,1013.8,0.0,128766.5
2025-10-01 10:55:00,28.2,60,3.0,59,1013.7,0.0,78124.5
2025-10-01 11:00:00,27.7,62,2.8,51,1013.6,0.0,58497.4
2025-10-01 11:05:00,27.3,62,2.0,28,1013.6,0.0,106146.7
2025-10-01 11:10:00,27.6,61,2.3,43,1013.5,0.0,109421.9
2025-10-01 11:15:00,27.9,61,1.7,65,1013.3,0.0,109419.4
2025-10-01 11:20:00,28.1,61,2.0,47,1013.3,0.0,107382.1
2025-10-01 11:25:00,28.7,59,2.4,64,1013.3,0.0,113277.4
2025-10-01 11:30:00,28.4,59,2.6,37,1013.2,0.0,115128.5
2025-10-01 11:35:00,28.1,61,2.0,226,1013.1,0.0,70959.6
2025-10-01 11:40:00,27.8,62,2.2,29,1012.9,0.0,86409.4
2025-10-01 11:45:00,27.9,61,2.3,54,1012.8,0.0,74244.9
2025-10-01 11:50:00,28.0,61,1.9,47,1012.8,0.0,72972.9
2025-10-01 11:55:00,27.8,62,2.4,44,1012.8,0.0,84786.4
2025-10-01 12:00:00,27.9,61,1.9,40,1012.7,0.0,102017.6
2025-10-01 12:05:00,28.1,61,1.6,26,1012.6,0.0,68706.9
2025-10-01 12:10:00,28.1,62,1.4,48,1012.5,0.0,117990.6
2025-10-01 12:15:00,28.4,61,1.9,52,1012.4,0.0,120537.3
2025-10-01 12:20:00,29.1,59,2.0,33,1012.3,0.0,122918.0
2025-10-01 12:25:00,29.4,58,2.7,18,1012.2,0.0,124951.5
2025-10-01 12:30:00,29.1,58,2.1,66,1012.1,0.0,125467.2
2025-10-01 12:35:00,29.1,60,1.6,57,1012.0,0.0,124164.7
2025-10-01 12:40:00,28.9,60,3.8,4,1012.0,0.0,120623.5
2025-10-01 12:45:00,28.5,61,2.4,13,1011.9,0.0,119144.9
2025-10-01 12:50:00,29.2,59,1.7,58,1011.9,0.0,111682.2
2025-10-01 12:55:00,29.4,59,2.3,64,1011.7,0.0,109424.5
2025-10-01 13:00:00,29.0,60,2.4,2,1011.7,0.0,105773.0
2025-10-01 13:05:00,28.9,59,3.0,37,1011.6,0.0,107702.6
2025-10-01 13:10:00,29.1,58,4.1,51,1011.6,0.0,106282.3
2025-10-01 13:15:00,28.9,59,3.0,38,1011.3,0.0,104654.2
2025-10-01 13:20:00,28.7,60,2.8,34,1011.3,0.0,102036.6
2025-10-01 13:25:00,28.8,61,2.3,357,1011.3,0.0,97515.9
2025-10-01 13:30:00,28.6,61,3.6,44,1011.2,0.0,38665.0
2025-10-01 13:35:00,28.1,60,3.4,27,1011.3,0.0,31772.6
2025-10-01 13:40:00,27.7,60,3.3,37,1011.2,0.0,26410.6
2025-10-01 13:45:00,27.4,62,2.4,31,1011.1,0.0,28360.5
2025-10-01 13:50:00,27.5,61,3.1,71,1011.1,0.0,27666.2
2025-10-01 13:55:00,27.5,62,2.4,28,1010.9,0.0,27633.3
2025-10-01 14:00:00,27.6,61,2.8,53,1010.9,0.0,28369.4
2025-10-01 14:05:00,27.6,60,2.4,37,1010.9,0.0,25987.4
2025-10-01 14:10:00,27.6,62,1.9,45,1010.8,0.0,22708.4
2025-10-01 14:15:00,27.6,62,1.6,32,1010.7,0.0,19058.2
2025-10-01 14:20:00,27.4,62,2.6,37,1010.8,0.0,15579.0
2025-10-01 14:25:00,27.3,63,1.7,53,1010.8,0.0,16398.8
2025-10-01 14:30:00,27.3,61,1.5,41,1010.8,0.0,16767.5
2025-10-01 14:35:00,27.4,60,1.3,25,1011.0,0.0,17214.7
2025-10-01 14:40:00,27.6,62,0.8,16,1010.8,0.0,33142.2
2025-10-01 14:45:00,27.6,64,0.4,4,1010.9,0.0,42648.5
2025-10-01 14:50:00,28.0,61,1.0,216,1010.8,0.0,57295.0
2025-10-01 14:55:00,28.4,65,0.8,279,1010.9,0.0,55587.1
2025-10-01 15:00:00,28.4,66,0.2,227,1010.9,0.0,58899.0
2025-10-01 15:05:00,28.9,64,0.7,338,1010.9,0.0,53948.9
2025-10-01 15:10:00,28.9,66,0.3,263,1011.0,0.0,35668.6
2025-10-01 15:15:00,28.3,67,0.1,6,1011.0,0.0,49634.7
2025-10-01 15:20:00,28.5,66,0.6,275,1010.9,0.0,26225.6
2025-10-01 15:25:00,28.2,67,1.6,270,1010.8,0.0,28929.4
2025-10-01 15:30:00,27.6,68,0.7,302,1010.8,0.0,26472.7
2025-10-01 15:35:00,27.3,69,0.4,250,1010.9,0.0,29244.9
2025-10-01 15:40:00,27.4,68,0.5,273,1010.7,0.0,27934.8
2025-10-01 15:45:00,27.4,68,1.0,271,1010.8,0.0,25982.4
2025-10-01 15:50:00,27.3,69,0.5,280,1010.7,0.0,26529.7
2025-10-01 15:55:00,27.5,67,0.2,275,1010.6,0.0,28512.6
2025-10-01 16:00:00,27.8,67,0.8,337,1010.6,0.0,21133.6
2025-10-01 16:05:00,27.8,67,0.7,305,1010.8,0.0,17463.1
2025-10-01 16:10:00,27.5,68,0.5,339,1010.9,0.0,11381.5
2025-10-01 16:15:00,27.1,69,0.5,264,1011.1,0.0,12443.2
2025-10-01 16:20:00,27.1,69,0.5,289,1011.2,0.0,13274.4
2025-10-01 16:25:00,27.2,68,1.1,303,1011.3,0.0,13744.4
2025-10-01 16:30:00,27.2,69,0.6,320,1011.2,0.0,10533.8
2025-10-01 16:35:00,26.6,71,1.0,325,1011.3,0.0,10446.4
2025-10-01 16:40:00,26.5,71,0.2,291,1011.4,0.0,9873.7
2025-10-01 16:45:00,26.4,71,0.7,290,1011.6,0.0,8321.7
2025-10-01 16:50:00,26.4,72,0.4,284,1011.5,0.0,7751.5
2025-10-01 16:55:00,26.4,72,0.6,280,1011.7,0.0,6074.0
2025-10-01 17:00:00,26.3,72,0.7,336,1011.7,0.0,5027.5
2025-10-01 17:05:00,26.2,71,0.7,289,1011.6,0.0,4154.5
2025-10-01 17:10:00,26.1,72,0.6,285,1011.7,0.0,3650.2
2025-10-01 17:15:00,26.1,72,0.3,286,1011.9,0.0,2940.7
2025-10-01 17:20:00,26.0,71,0.7,320,1011.8,0.0,2294.5
2025-10-01 17:25:00,26.0,72,0.6,295,1011.9,0.0,1776.3
2025-10-01 17:30:00,25.9,73,0.4,299,1012.0,0.0,956.6
2025-10-01 17:35:00,25.9,73,0.2,312,1012.1,0.0,679.1
2025-10-01 17:40:00,25.8,74,0.0,323,1012.4,0.0,230.6
2025-10-01 17:45:00,25.8,75,0.1,322,1012.4,0.0,105.2
2025-10-01 17:50:00,25.7,75,0.0,322,1012.4,0.0,46.9
2025-10-01 17:55:00,25.5,76,0.0,334,1012.5,0.0,6.3
2025-10-01 18:00:00,25.5,77,0.0,333,1012.5,0.0,2.5
2025-10-01 18:05:00,25.4,78,0.3,342,1012.6,0.0,0.0
2025-10-01 18:10:00,25.3,78,0.0,342,1012.9,0.0,0.0
2025-10-01 18:15:00,25.2,79,0.4,325,1012.9,0.0,0.0
2025-10-01 18:20:00,25.2,79,0.1,312,1012.9,0.0,0.0
2025-10-01 18:25:00,25.1,80,0.0,312,1012.8,0.0,0.0
2025-10-01 18:30:00,25.1,80,0.1,312,1012.9,0.0,0.0
2025-10-01 18:35:00,25.0,80,0.1,312,1012.9,0.0,0.0
2025-10-01 18:40:00,25.0,80,0.2,314,1013.1,0.0,0.0
2025-10-01 18:45:00,25.0,80,0.0,315,1013.3,0.0,0.0
2025-10-01 18:50:00,25.0,80,0.0,315,1013.1,0.0,0.0
2025-10-01 18:55:00,25.0,81,0.0,314,1013.2,0.0,0.0
2025-10-01 19:00:00,25.0,81,0.0,310,1013.3,0.0,0.0
2025-10-01 19:05:00,25.0,81,0.1,308,1013.3,0.0,0.0
2025-10-01 19:10:00,25.0,81,0.0,309,1013.4,0.0,0.0
2025-10-01 19:15:00,24.9,78,0.5,227,1013.4,0.0,0.0
2025-10-01 19:20:00,24.8,79,0.3,185,1013.5,0.0,0.0
2025-10-01 19:25:00,24.5,79,0.4,184,1013.6,0.0,0.0
2025-10-01 19:30:00,24.3,79,0.5,167,1013.8,0.0,0.0
2025-10-01 19:35:00,24.3,79,0.3,167,1013.8,0.0,0.0
2025-10-01 19:40:00,24.3,78,0.4,168,1013.8,0.0,0.0
2025-10-01 19:45:00,24.2,78,0.7,180,1013.9,0.0,0.0
2025-10-01 19:50:00,24.1,78,0.0,211,1013.9,0.0,0.0
2025-10-01 19:55:00,24.1,79,0.5,178,1013.7,0.0,0.0
2025-10-01 20:00:00,24.0,80,0.3,174,1013.9,0.0,0.0
2025-10-01 20:05:00,23.8,79,0.3,187,1013.9,0.0,0.0
2025-10-01 20:10:00,23.8,79,0.1,191,1013.8,0.0,0.0
2025-10-01 20:15:00,23.7,79,0.4,185,1013.9,0.0,0.0
2025-10-01 20:20:00,23.6,80,0.5,188,1013.9,0.0,0.0
2025-10-01 20:25:00,23.5,79,0.2,182,1014.0,0.0,0.0
2025-10-01 20:30:00,23.6,79,0.6,171,1014.0,0.0,0.0
2025-10-01 20:35:00,23.6,79,1.0,168,1014.0,0.0,0.0
2025-10-01 20:40:00,23.5,79,0.6,171,1014.0,0.0,0.0
2025-10-01 20:45:00,23.5,80,0.7,164,1014.0,0.0,0.0
2025-10-01 20:50:00,23.4,80,0.6,177,1014.1,0.0,0.0
2025-10-01 20:55:00,23.3,80,0.6,165,1014.1,0.0,0.0
2025-10-01 21:00:00,23.4,80,0.5,177,1014.1,0.0,0.0
2025-10-01 21:05:00,23.4,80,0.3,188,1014.2,0.0,0.0
2025-10-01 21:10:00,23.4,79,0.3,164,1014.3,0.0,0.0
2025-10-01 21:15:00,23.4,81,0.3,163,1014.3,0.0,0.0
2025-10-01 21:20:00,23.3,81,0.2,182,1014.5,0.0,0.0
2025-10-01 21:25:00,23.2,81,0.5,239,1014.5,0.0,0.0
2025-10-01 21:30:00,23.1,81,0.7,180,1014.4,0.0,0.0
2025-10-01 21:35:00,23.1,81,0.7,182,1014.6,0.0,0.0
2025-10-01 21:40:00,23.0,80,0.5,122,1014.6,0.0,0.0
2025-10-01 21:45:00,23.2,78,0.4,32,1014.8,0.0,0.0
2025-10-01 21:50:00,23.4,79,0.8,191,1014.9,0.0,0.0
2025-10-01 21:55:00,23.1,80,0.4,171,1014.8,0.0,0.0
2025-10-01 22:00:00,23.0,81,0.3,192,1014.7,0.0,0.0
2025-10-01 22:05:00,22.9,81,0.7,172,1014.8,0.0,0.0
2025-10-01 22:10:00,22.8,81,0.8,172,1014.7,0.0,0.0
2025-10-01 22:15:00,22.8,81,0.7,184,1014.8,0.0,0.0
2025-10-01 22:20:00,22.7,81,0.7,172,1014.8,0.0,0.0
2025-10-01 22:25:00,22.7,82,0.5,175,1014.7,0.0,0.0
2025-10-01 22:30:00,22.6,82,0.9,171,1014.6,0.0,0.0
2025-10-01 22:35:00,22.5,83,1.2,165,1014.6,0.0,0.0
2025-10-01 22:40:00,22.4,84,0.7,156,1014.6,0.0,0.0
2025-10-01 22:45:00,22.3,85,0.3,183,1014.5,0.0,0.0
2025-10-01 22:50:00,22.2,85,0.6,171,1014.5,0.0,0.0
2025-10-01 22:55:00,22.2,85,0.3,170,1014.4,0.0,0.0
2025-10-01 23:00:00,22.1,84,0.6,173,1014.3,0.0,0.0
2025-10-01 23:05:00,22.2,85,0.5,169,1014.3,0.0,0.0
2025-10-01 23:10:00,22.1,85,0.4,176,1014.3,0.0,0.0
2025-10-01 23:15:00,22.0,85,0.8,170,1014.2,0.0,0.0
2025-10-01 23:20:00,22.0,85,1.1,167,1014.0,0.0,0.0
2025-10-01 23:25:00,22.0,85,1.0,168,1014.1,0.0,0.0
2025-10-01 23:30:00,22.1,84,1.2,169,1013.9,0.0,0.0
2025-10-01 23:35:00,22.2,84,0.4,163,1013.8,0.0,0.0
2025-10-01 23:40:00,22.2,84,0.8,176,1013.7,0.0,0.0
2025-10-01 23:45:00,22.2,85,0.4,167,1013.8,0.0,0.0
2025-10-01 23:50:00,22.2,84,0.4,178,1013.8,0.0,0.0
2025-10-01 23:55:00,22.1,84,1.2,180,1013.6,0.0,0.0
2025-10-02 00:00:00,22.1,84,1.5,174,1013.6,0.0,0.0
2025-10-02 00:05:00,22.0,84,0.7,164,1013.5,0.0,0.0
2025-10-02 00:10:00,22.0,84,0.0,173,1013.5,0.0,0.0
2025-10-02 00:15:00,22.0,84,0.2,177,1013.5,0.0,0.0
2025-10-02 00:20:00,22.0,84,0.4,168,1013.4,0.0,0.0
2025-10-02 00:25:00,22.0,84,0.4,160,1013.4,0.0,0.0
2025-10-02 00:30:00,22.0,84,0.1,158,1013.3,0.0,0.0
2025-10-02 00:35:00,21.9,84,0.0,158,1013.3,0.0,0.0
2025-10-02 00:40:00,21.9,84,0.1,160,1013.2,0.0,0.0
2025-10-02 00:45:00,21.9,84,0.3,161,1013.0,0.0,0.0
2025-10-02 00:50:00,21.8,85,0.3,156,1013.1,0.0,0.0
2025-10-02 00:55:00,21.7,85,0.3,159,1013.1,0.0,0.0
2025-10-02 01:00:00,21.7,85,0.5,165,1013.0,0.0,0.0
2025-10-02 01:05:00,21.6,86,0.2,166,1013.0,0.0,0.0
2025-10-02 01:10:00,21.7,86,0.7,167,1012.9,0.0,0.0
2025-10-02 01:15:00,21.7,85,0.2,161,1012.7,0.0,0.0
2025-10-02 01:20:00,21.7,85,0.2,181,1012.8,0.0,0.0
2025-10-02 01:25:00,21.7,85,0.4,167,1012.8,0.0,0.0
2025-10-02 01:30:00,21.7,86,0.2,166,1012.8,0.0,0.0
2025-10-02 01:35:00,21.7,85,0.7,165,1012.8,0.0,0.0
2025-10-02 01:40:00,21.7,86,0.1,164,1012.9,0.0,0.0
2025-10-02 01:45:00,21.7,86,0.1,164,1012.8,0.0,0.0
2025-10-02 01:50:00,21.7,86,0.1,165,1012.9,0.0,0.0
2025-10-02 01:55:00,21.7,86,0.0,164,1012.9,0.0,0.0
2025-10-02 02:00:00,21.6,86,0.0,165,1012.8,0.0,0.0
2025-10-02 02:05:00,21.6,86,0.0,164,1012.9,0.0,0.0
2025-10-02 02:10:00,21.6,85,0.0,164,1012.9,0.0,0.0
2025-10-02 02:15:00,21.6,86,0.0,164,1012.9,0.0,0.0
2025-10-02 02:20:00,21.5,87,0.0,164,1012.7,0.0,0.0
2025-10-02 02:25:00,21.4,87,0.0,164,1012.7,0.0,0.0
2025-10-02 02:30:00,21.4,87,0.0,164,1012.6,0.0,0.0
2025-10-02 02:35:00,21.4,86,0.0,164,1012.6,0.0,0.0
2025-10-02 02:40:00,21.5,86,0.0,164,1012.7,0.0,0.0
2025-10-02 02:45:00,21.4,87,0.0,164,1012.6,0.0,0.0
2025-10-02 02:50:00,21.3,87,0.5,122,1012.6,0.0,0.0
2025-10-02 02:55:00,21.3,87,0.5,35,1012.6,0.0,0.0
2025-10-02 03:00:00,21.3,87,0.5,23,1012.5,0.0,0.0
2025-10-02 03:05:00,21.3,86,0.1,21,1012.5,0.0,0.0
2025-10-02 03:10:00,21.3,86,0.0,21,1012.6,0.0,0.0
2025-10-02 03:15:00,21.3,87,0.0,21,1012.6,0.0,0.0
2025-10-02 03:20:00,21.4,86,0.3,21,1012.6,0.0,0.0
2025-10-02 03:25:00,21.4,86,0.2,20,1012.7,0.0,0.0
2025-10-02 03:30:00,21.5,86,0.0,20,1012.8,0.0,0.0
2025-10-02 03:35:00,21.5,86,0.0,20,1012.9,0.0,0.0
2025-10-02 03:40:00,21.5,86,0.0,20,1012.9,0.0,0.0
2025-10-02 03:45:00,21.4,86,0.0,20,1012.9,0.0,0.0
2025-10-02 03:50:00,21.3,87,0.0,20,1013.0,0.0,0.0
2025-10-02 03:55:00,21.3,87,0.0,20,1013.0,0.0,0.0
2025-10-02 04:00:00,21.3,86,0.1,25,1013.1,0.0,0.0
2025-10-02 04:05:00,21.3,86,0.0,29,1013.1,0.0,0.0
2025-10-02 04:10:00,21.3,86,0.0,29,1013.1,0.0,0.0
2025-10-02 04:15:00,21.3,87,0.0,29,1013.2,0.0,0.0
2025-10-02 04:20:00,21.3,87,0.0,29,1013.2,0.0,0.0
2025-10-02 04:25:00,21.3,87,0.0,29,1013.2,0.0,0.0
2025-10-02 04:30:00,21.2,87,0.1,31,1013.2,0.0,0.0
2025-10-02 04:35:00,21.2,87,0.0,34,1013.3,0.0,0.0
2025-10-02 04:40:00,21.2,87,0.0,34,1013.3,0.0,0.0
2025-10-02 04:45:00,21.2,88,0.0,34,1013.3,0.0,0.0
2025-10-02 04:50:00,21.1,88,0.0,34,1013.4,0.0,0.0
2025-10-02 04:55:00,21.1,88,0.0,34,1013.5,0.0,0.0
2025-10-02 05:00:00,21.0,88,0.0,34,1013.6,0.0,0.0
2025-10-02 05:05:00,21.0,88,0.0,34,1013.6,0.0,0.0
2025-10-02 05:10:00,21.0,88,0.0,34,1013.7,0.0,2.5
2025-10-02 05:15:00,20.9,89,0.0,34,1013.7,0.0,8.9
2025-10-02 05:20:00,20.9,89,0.0,34,1013.8,0.0,49.4
2025-10-02 05:25:00,20.9,89,0.0,34,1013.9,0.0,115.3
2025-10-02 05:30:00,20.8,89,0.0,34,1013.8,0.0,253.4
2025-10-02 05:35:00,20.9,89,0.0,34,1014.0,0.0,576.5
2025-10-02 05:40:00,21.1,88,0.0,34,1014.0,0.0,938.8
2025-10-02 05:45:00,21.2,87,0.1,34,1014.1,0.0,1533.1
2025-10-02 05:50:00,21.3,87,0.1,34,1014.2,0.0,2156.4
2025-10-02 05:55:00,21.3,87,0.1,34,1014.3,0.0,3165.0
2025-10-02 06:00:00,21.4,87,0.0,34,1014.2,0.0,3974.6
2025-10-02 06:05:00,21.5,86,0.0,34,1014.5,0.0,5363.2
2025-10-02 06:10:00,21.6,86,0.0,34,1014.5,0.0,6625.1
2025-10-02 06:15:00,21.6,87,0.2,69,1014.6,0.0,7063.5
2025-10-02 06:20:00,21.6,86,0.0,155,1014.6,0.0,7552.6
2025-10-02 06:25:00,21.7,86,0.0,156,1014.6,0.0,8169.6
2025-10-02 06:30:00,21.8,87,0.1,156,1014.7,0.0,8956.4
2025-10-02 06:35:00,21.9,87,0.1,156,1014.7,0.0,11866.7
2025-10-02 06:40:00,22.1,86,0.2,158,1014.7,0.0,13080.5
2025-10-02 06:45:00,22.2,86,0.1,158,1014.8,0.0,16866.3
2025-10-02 06:50:00,22.5,84,0.1,188,1015.0,0.0,17389.6
2025-10-02 06:55:00,22.9,82,0.1,194,1015.2,0.0,15381.4
2025-10-02 07:00:00,22.9,82,0.1,187,1015.2,0.0,17512.5
2025-10-02 07:05:00,23.1,82,0.0,189,1015.2,0.0,16747.2
2025-10-02 07:10:00,23.6,80,0.0,189,1015.3,0.0,16312.6
2025-10-02 07:15:00,24.0,78,0.0,73,1015.5,0.0,20895.4
2025-10-02 07:20:00,24.1,78,0.3,56,1015.4,0.0,23477.5
2025-10-02 07:25:00,24.0,78,0.1,54,1015.4,0.0,25270.3
2025-10-02 07:30:00,24.4,76,0.2,138,1015.5,0.0,27654.8
2025-10-02 07:35:00,24.7,75,0.3,139,1015.5,0.0,26735.0
2025-10-02 07:40:00,24.7,75,0.4,153,1015.6,0.0,25397.0
2025-10-02 07:45:00,24.8,75,0.4,190,1015.6,0.0,27079.6
2025-10-02 07:50:00,25.1,75,0.6,276,1015.6,0.0,25494.6
2025-10-02 07:55:00,25.3,74,0.3,113,1015.5,0.0,23475.0
2025-10-02 08:00:00,25.3,74,0.6,168,1015.7,0.0,26994.7
2025-10-02 08:05:00,25.7,73,0.9,172,1015.6,0.0,65915.7
2025-10-02 08:10:00,26.0,71,0.6,122,1015.6,0.0,82617.3
2025-10-02 08:15:00,26.6,69,1.6,146,1015.5,0.0,68699.3
2025-10-02 08:20:00,26.5,69,0.7,315,1015.4,0.0,77175.5
2025-10-02 08:25:00,26.4,70,1.1,178,1015.5,0.0,36065.2
2025-10-02 08:30:00,26.2,70,1.1,167,1015.5,0.0,47207.2
2025-10-02 08:35:00,26.2,70,1.4,227,1015.4,0.0,45230.6
2025-10-02 08:40:00,26.1,70,1.8,173,1015.2,0.0,41438.5
2025-10-02 08:45:00,26.2,71,1.1,201,1015.4,0.0,49139.3
2025-10-02 08:50:00,26.6,69,1.3,200,1015.2,0.0,46824.5
2025-10-02 08:55:00,26.5,70,1.4,211,1015.2,0.0,47211.0
2025-10-02 09:00:00,26.7,69,1.0,176,1015.3,0.0,52153.5
2025-10-02 09:05:00,26.8,69,0.9,295,1015.2,0.0,54744.5
2025-10-02 09:10:00,26.7,68,1.0,181,1015.3,0.0,66545.4
2025-10-02 09:15:00,26.8,68,1.4,198,1015.3,0.0,61153.0
2025-10-02 09:20:00,27.1,67,1.3,113,1015.3,0.0,59565.5
2025-10-02 09:25:00,27.4,66,0.5,174,1015.4,0.0,64942.6
2025-10-02 09:30:00,27.7,65,0.9,229,1015.4,0.0,65724.4
2025-10-02 09:35:00,27.7,65,1.6,166,1015.3,0.0,61428.0
2025-10-02 09:40:00,27.5,66,1.2,190,1015.4,0.0,48973.4
2025-10-02 09:45:00,27.7,65,1.0,181,1015.3,0.0,40602.3
2025-10-02 09:50:00,27.5,65,1.0,289,1015.1,0.0,54804.1
2025-10-02 09:55:00,27.6,66,2.4,147,1014.9,0.0,39070.5
2025-10-02 10:00:00,27.1,66,0.9,180,1014.8,0.0,129872.6
2025-10-02 10:05:00,27.9,64,1.3,190,1014.8,0.0,33765.6
2025-10-02 10:10:00,27.6,64,0.9,180,1014.7,0.0,22334.7
2025-10-02 10:15:00,27.5,64,0.9,189,1014.5,0.0,32359.2
2025-10-02 10:20:00,27.5,64,1.2,184,1014.4,0.0,76315.2
2025-10-02 10:25:00,27.7,64,1.6,211,1014.2,0.0,33051.0
2025-10-02 10:30:00,27.7,64,0.9,179,1014.3,0.0,45120.4
2025-10-02 10:35:00,27.8,63,2.4,176,1014.3,0.0,25944.4
2025-10-02 10:40:00,27.5,64,1.7,93,1014.3,0.0,42097.3
2025-10-02 10:45:00,27.6,65,1.4,167,1014.1,0.0,46187.2
2025-10-02 10:50:00,27.7,66,1.0,249,1014.1,0.0,40763.2
2025-10-02 10:55:00,27.8,65,1.4,52,1014.1,0.0,62151.4
2025-10-02 11:00:00,27.7,66,0.9,124,1014.0,0.0,26860.4
2025-10-02 11:05:00,27.6,65,1.8,34,1014.0,0.0,18081.4
2025-10-02 11:10:00,27.2,65,2.0,40,1013.9,0.0,16046.6
2025-10-02 11:15:00,27.0,64,1.9,50,1014.0,0.0,12306.4
2025-10-02 11:20:00,26.8,65,1.8,45,1014.0,0.0,15186.3
2025-10-02 11:25:00,26.8,65,1.1,32,1013.9,0.0,29929.1
2025-10-02 11:30:00,26.9,66,1.1,62,1013.8,0.0,34981.9
2025-10-02 11:35:00,27.1,66,1.3,49,1013.6,0.0,135356.1
2025-10-02 11:40:00,28.1,62,1.3,33,1013.5,0.0,138915.1
2025-10-02 11:45:00,28.7,63,0.8,100,1013.7,0.0,136065.7
2025-10-02 11:50:00,29.5,61,1.1,129,1013.4,0.0,140150.5
2025-10-02 11:55:00,30.1,58,0.7,87,1013.3,0.0,140578.7
2025-10-02 12:00:00,29.7,60,1.7,178,1013.3,0.0,28053.9
2025-10-02 12:05:00,28.4,64,1.3,109,1013.2,0.0,17497.3
2025-10-02 12:10:00,28.0,66,1.6,74,1013.1,0.0,20377.2
2025-10-02 12:15:00,27.3,70,0.6,160,1013.0,0.0,27474.9
2025-10-02 12:20:00,27.2,70,1.1,177,1012.8,0.0,34993.3
2025-10-02 12:25:00,27.3,69,0.8,276,1012.8,0.0,62199.6
2025-10-02 12:30:00,27.6,65,1.0,353,1012.5,0.0,26599.4
2025-10-02 12:35:00,27.8,65,0.1,287,1012.6,0.0,17038.6
2025-10-02 12:40:00,26.8,70,0.9,273,1012.8,0.0,7776.8
2025-10-02 12:45:00,25.9,73,0.6,294,1012.9,0.0,5715.4
2025-10-02 12:50:00,25.6,74,1.3,275,1012.8,0.0,7434.8
2025-10-02 12:55:00,25.3,75,1.8,268,1012.8,0.0,7660.3
2025-10-02 13:00:00,24.8,77,1.8,257,1012.8,0.0,7514.6
2025-10-02 13:05:00,24.3,78,1.0,232,1012.7,0.0,6997.6
2025-10-02 13:10:00,24.2,79,1.2,215,1012.5,0.0,5405.0
2025-10-02 13:15:00,23.9,78,0.9,264,1012.6,0.0,3935.3
2025-10-02 13:20:00,23.8,80,0.9,243,1012.5,7.8,3788.3
2025-10-02 13:25:00,23.4,83,0.7,268,1012.6,19.8,3580.5
2025-10-02 13:30:00,22.9,86,1.1,222,1012.5,22.8,3736.4
2025-10-02 13:35:00,22.6,88,0.7,209,1012.7,24.0,4068.3
2025-10-02 13:40:00,22.2,89,1.6,189,1012.8,23.4,2917.9
2025-10-02 13:45:00,21.9,91,1.1,188,1012.9,13.8,2722.8
2025-10-02 13:50:00,22.0,91,0.7,183,1013.0,3.0,2281.9
2025-10-02 13:55:00,22.2,90,0.7,105,1013.1,0.0,647.4
2025-10-02 14:00:00,22.3,90,0.8,27,1013.3,4.8,829.9
2025-10-02 14:05:00,22.3,91,0.5,241,1013.3,30.6,3880.8
2025-10-02 14:10:00,22.2,90,0.1,255,1013.3,36.6,4741.1
2025-10-02 14:15:00,22.2,90,0.5,243,1013.2,21.0,4496.6
2025-10-02 14:20:00,22.1,90,0.1,238,1013.2,12.6,4254.6
2025-10-02 14:25:00,22.2,90,0.1,235,1013.2,6.0,4209.0
2025-10-02 14:30:00,22.3,89,0.8,216,1013.2,1.2,4708.2
2025-10-02 14:35:00,22.2,90,0.3,196,1013.2,0.0,6454.1
2025-10-02 14:40:00,22.1,90,0.3,210,1013.2,1.8,8023.9
2025-10-02 14:45:00,22.1,90,0.6,205,1013.1,1.8,10457.8
2025-10-02 14:50:00,22.2,90,0.7,202,1013.2,1.8,10250.0
2025-10-02 14:55:00,22.2,90,0.9,205,1013.2,1.2,10271.6
2025-10-02 15:00:00,22.2,90,1.0,186,1013.2,1.2,10175.3
2025-10-02 15:05:00,22.1,89,1.2,200,1013.1,0.0,10032.1
2025-10-02 15:10:00,22.0,89,0.9,178,1012.9,0.0,9957.4
2025-10-02 15:15:00,22.1,89,0.1,190,1013.0,0.0,9754.6
2025-10-02 15:20:00,22.3,89,0.0,206,1013.0,0.0,9197.2
2025-10-02 15:25:00,22.5,88,0.1,206,1013.2,0.0,7461.4
2025-10-02 15:30:00,22.6,88,0.5,53,1013.2,1.8,4586.5
2025-10-02 15:35:00,22.6,87,0.1,46,1013.1,3.0,3799.7
2025-10-02 15:40:00,22.6,88,0.0,104,1013.0,3.0,4680.3
2025-10-02 15:45:00,22.5,89,0.2,166,1013.0,3.0,5092.1
2025-10-02 15:50:00,22.4,89,0.1,168,1013.0,1.8,5476.0
2025-10-02 15:55:00,22.2,89,0.1,181,1013.0,0.0,6527.6
2025-10-02 16:00:00,22.2,90,0.1,164,1013.1,0.0,8300.1
2025-10-02 16:05:00,22.3,90,0.1,182,1013.2,0.0,9010.9
2025-10-02 16:10:00,22.3,90,0.2,170,1013.4,0.0,9175.6
2025-10-02 16:15:00,22.4,90,0.5,166,1013.3,0.0,8823.4
2025-10-02 16:20:00,22.4,89,1.3,171,1013.3,0.0,8953.9
2025-10-02 16:25:00,22.4,88,0.6,175,1013.3,0.0,7869.3
2025-10-02 16:30:00,22.4,88,0.1,91,1013.5,0.0,7120.5
2025-10-02 16:35:00,22.4,87,0.4,126,1013.6,0.0,6241.2
2025-10-02 16:40:00,22.4,87,0.2,77,1013.6,0.0,5691.4
2025-10-02 16:45:00,22.3,88,0.1,171,1013.6,0.0,5179.5
2025-10-02 16:50:00,22.3,87,0.2,144,1013.7,0.0,4624.6
2025-10-02 16:55:00,22.3,87,0.2,142,1013.8,0.0,4040.5
2025-10-02 17:00:00,22.3,87,0.0,108,1013.8,0.0,3557.7
2025-10-02 17:05:00,22.4,85,0.0,108,1014.0,0.0,2058.9
2025-10-02 17:10:00,22.4,87,0.0,107,1014.0,0.0,1776.3
2025-10-02 17:15:00,22.4,86,0.0,107,1014.1,0.0,1459.6
2025-10-02 17:20:00,22.5,86,0.0,107,1014.2,0.0,1007.3
2025-10-02 17:25:00,22.5,86,0.0,107,1014.1,0.0,1032.6
2025-10-02 17:30:00,22.6,85,0.2,81,1014.2,0.0,580.3
2025-10-02 17:35:00,22.5,85,0.0,78,1014.3,0.0,348.4
2025-10-02 17:40:00,22.5,86,0.0,78,1014.3,0.0,206.5
2025-10-02 17:45:00,22.5,85,0.0,78,1014.2,0.0,103.9
2025-10-02 17:50:00,22.5,86,0.1,78,1014.3,0.0,49.4
2025-10-02 17:55:00,22.5,86,0.1,78,1014.3,0.0,11.4
2025-10-02 18:00:00,22.5,86,0.0,78,1014.4,0.0,2.5
2025-10-02 18:05:00,22.4,86,0.3,76,1014.4,0.0,0.0
2025-10-02 18:10:00,22.4,85,0.2,73,1014.4,0.0,0.0
2025-10-02 18:15:00,22.4,86,0.2,73,1014.5,0.0,0.0
2025-10-02 18:20:00,22.4,86,0.0,73,1014.6,0.0,0.0
2025-10-02 18:25:00,22.4,87,0.0,73,1014.4,0.0,0.0
2025-10-02 18:30:00,22.3,87,0.0,73,1014.6,0.0,0.0
2025-10-02 18:35:00,22.3,87,0.1,72,1014.7,0.0,0.0
2025-10-02 18:40:00,22.4,86,0.1,71,1014.8,0.0,0.0
2025-10-02 18:45:00,22.4,86,0.3,66,1015.0,0.0,0.0
2025-10-02 18:50:00,22.4,86,0.3,56,1015.1,0.0,0.0
2025-10-02 18:55:00,22.3,87,0.2,49,1015.1,0.0,0.0
2025-10-02 19:00:00,22.2,87,0.1,49,1015.2,0.0,0.0
2025-10-02 19:05:00,22.2,87,0.0,49,1015.2,0.0,0.0
2025-10-02 19:10:00,22.2,87,0.1,49,1015.2,0.0,0.0
2025-10-02 19:15:00,22.3,87,0.0,49,1015.4,0.0,0.0
2025-10-02 19:20:00,22.2,88,0.0,49,1015.3,0.0,0.0
2025-10-02 19:25:00,22.2,88,0.0,49,1015.3,0.0,0.0
2025-10-02 19:30:00,22.1,88,0.0,49,1015.4,0.0,0.0
2025-10-02 19:35:00,22.0,89,0.0,49,1015.4,0.0,0.0
2025-10-02 19:40:00,22.0,89,0.0,50,1015.7,0.0,0.0
2025-10-02 19:45:00,22.0,89,0.0,50,1015.6,0.0,0.0
2025-10-02 19:50:00,22.0,89,0.0,50,1015.6,0.0,0.0
2025-10-02 19:55:00,22.0,90,0.0,50,1015.6,0.0,0.0
2025-10-02 20:00:00,21.9,89,0.0,50,1015.5,0.0,0.0
2025-10-02 20:05:00,21.9,89,0.0,50,1015.5,0.0,0.0
2025-10-02 20:10:00,22.0,89,0.0,50,1015.7,0.0,0.0
2025-10-02 20:15:00,22.0,88,0.0,50,1015.8,0.0,0.0
2025-10-02 20:20:00,22.0,90,0.1,51,1015.8,0.0,0.0
2025-10-02 20:25:00,21.9,90,0.1,51,1015.8,0.0,0.0
2025-10-02 20:30:00,21.8,91,0.3,67,1016.0,0.0,0.0
2025-10-02 20:35:00,21.8,91,0.2,198,1016.0,0.0,0.0
2025-10-02 20:40:00,21.7,91,0.3,200,1015.9,0.0,0.0
2025-10-02 20:45:00,21.7,91,0.0,200,1016.0,0.0,0.0
2025-10-02 20:50:00,21.7,91,0.1,208,1016.0,0.0,0.0
2025-10-02 20:55:00,21.7,91,0.1,208,1016.1,0.0,0.0
2025-10-02 21:00:00,21.7,91,0.0,208,1016.1,0.0,0.0
2025-10-02 21:05:00,21.7,91,0.0,208,1016.2,0.0,0.0
2025-10-02 21:10:00,21.7,92,0.0,208,1016.3,0.0,0.0
2025-10-02 21:15:00,21.6,92,0.0,208,1016.3,0.0,0.0
2025-10-02 21:20:00,21.7,92,0.0,208,1016.5,0.0,0.0
2025-10-02 21:25:00,21.7,92,0.0,208,1016.4,0.0,0.0
2025-10-02 21:30:00,21.7,92,0.0,208,1016.4,0.0,0.0
2025-10-02 21:35:00,21.7,91,0.0,208,1016.5,0.0,0.0
2025-10-02 21:40:00,21.7,91,0.0,208,1016.5,1.8,0.0
2025-10-02 21:45:00,21.8,91,0.0,209,1016.6,1.8,0.0
2025-10-02 21:50:00,21.7,91,0.0,209,1016.6,1.8,0.0
2025-10-02 21:55:00,21.7,91,0.0,209,1016.6,0.0,0.0
2025-10-02 22:00:00,21.7,91,0.0,209,1016.6,0.0,0.0
2025-10-02 22:05:00,21.7,92,0.0,209,1016.5,0.0,0.0
2025-10-02 22:10:00,21.7,92,0.0,209,1016.4,0.0,0.0
2025-10-02 22:15:00,21.7,92,0.0,209,1016.5,0.0,0.0
2025-10-02 22:20:00,21.7,92,0.0,209,1016.4,0.0,0.0
2025-10-02 22:25:00,21.6,92,0.0,209,1016.4,0.0,0.0
2025-10-02 22:30:00,21.5,93,0.1,208,1016.4,0.0,0.0
2025-10-02 22:35:00,21.5,93,0.4,208,1016.5,0.0,0.0
2025-10-02 22:40:00,21.5,92,0.5,183,1016.5,0.0,0.0
2025-10-02 22:45:00,21.4,92,0.3,179,1016.5,0.0,0.0
2025-10-02 22:50:00,21.4,93,0.1,178,1016.5,0.0,0.0
2025-10-02 22:55:00,21.4,93,0.2,177,1016.5,0.0,0.0
2025-10-02 23:00:00,21.4,92,0.2,175,1016.5,0.0,0.0
2025-10-02 23:05:00,21.4,92,0.2,172,1016.5,0.0,0.0
2025-10-02 23:10:00,21.4,92,0.5,168,1016.5,0.0,0.0
2025-10-02 23:15:00,21.4,92,0.0,167,1016.5,0.0,0.0
2025-10-02 23:20:00,21.4,92,0.0,167,1016.4,0.0,0.0
2025-10-02 23:25:00,21.4,92,0.0,167,1016.5,0.0,0.0
2025-10-02 23:30:00,21.4,92,0.0,167,1016.4,0.0,0.0
2025-10-02 23:35:00,21.4,92,0.1,167,1016.6,0.0,0.0
2025-10-02 23:40:00,21.3,92,0.0,167,1016.5,0.0,0.0
2025-10-02 23:45:00,21.4,91,0.0,167,1016.4,0.0,0.0
2025-10-02 23:50:00,21.4,92,0.0,167,1016.3,0.0,0.0
2025-10-02 23:55:00,21.3,92,0.0,167,1016.3,0.0,0.0
